,text
0,@JGemini @YouTube @usopen @TheBorisBecker @RafaelNadal @serenawilliams @Cristiano Look at Nadal at 17 when he beatâ€¦
1,Vegan Cosmic Smoothie Bowlhttps://t.co/U9YCJ7XUNs#vegan #plantbased #veganfood #vegetarian #crueltyfree #goveganâ€¦
2,"@themerlins @JasonCarpentier Worked for a hotel in BR, the emergency plan stated in a tornado warning an employee sâ€¦"
3,Raw Rainbow Veggie Noodle Salad with Peanut Dressinghttps://t.co/nRu9x9zt4Y#vegan #plantbased #veganfoodâ€¦
4,Quick &amp  Easy - Quinoa &amp   Red Lentil Bake#Vegan #veganfood #veganism #veganrecipes #baked #cheese #cheesyâ€¦
5,"Want to know anything about Tesla, SpaceX, Starlink, Elon Musk or anything related... start hereâ€”&gt; @jpr007â€¦"
6,I read article that Elon Musk trying to gold mine on asteroids. Iâ€™m about to dump money into SpaceX/Tesla.
7,@titty_tornado You know I never thought about that. To me it was the punchline of the joke in six grade titty twister ğŸŒªğŸ˜‚ğŸ˜‚
8,A day that Animals too become Independent! Let's do it! Go Vegan!#govegan #veganism #HappyIndependenceDay #healthyâ€¦
9,#Flyers notes: Former #Canadiens center Nate Thompson is helping Alain Vigneault with playoff series preparation:â€¦
10,@mike49712 Canadien 5 - Flyers 2
11,@AngryBlackLady I went to the Twister â€œrideâ€ at Disney. You walk into a room and on the other side of the room therâ€¦
12,"@jasonmyrt Clearly they needed to make some changes after the first game, everyone thought so except for the coach.â€¦"
13,Did anyone else just hear Crazy Town's 2000 hit single 'Butterfly' before the Flyers Canadien's game cut to commercial? #banger
14,The mantra of continuous learning vital for success is perhaps why #Tesla and #SpaceX billionaire CEO #ElonMusk hirâ€¦
15,@renoomokri @AlikoDangote Even hunger dangote did not solve in his village. we glorify failure in Africa. Billgateâ€¦
16,GREAT INSIGHTS - Elon Musk â€“ CEO of Tesla Motors and SpaceX talks about Entrepreneurship with Sal Khan. CLICK TO WAâ€¦
17,I needed a pink hat to cool off today San Francisco style.#aundrethewonderwoman #rolandmartinunfilteredâ€¦
18,Flyers and Canadien fans seeing the Islander Capitals game is now tied in the 3rd. #AnytimeAnywhere #GoHabsGo
19,'I thought I was going to die': Man who survived deadly Manitoba twister sees 2nd tornado in 1 week
20,"@kevoswarlz @CalebPereira23 During 2016 I was a Federer fan, and his Wimbledon loss to Raonic was quite painful at the time."
21,"@AazkinLucas5 @gherbi_hicham Yep.  RG 2016 was probably the last match of Djokovicâ€˜s prime, and probably Wimbledon 2012 for Federer."
22,HUGE Flyers Daily tomorrow for Gameday. 3 guests one episode. Former Canadien and now Flyer Nate Thompson with someâ€¦
23,"@lapdog32 ""I don't want to see anyone get hurt""....lol..What was vicious about that game ?Flyer fans are the ONLY oâ€¦"
24,How are these canadien defenders so OPEN? #Flyers
25,"To honor the perfect summer blockbuster, here's a ranking of all the twisters in Twister. Because hey, why not!"
26,"shonenjump: One-Punch Man, Ch. 131: Tornado warning! Itâ€™s a twister of a chapter as Tornado rages against her opponâ€¦"
27,Fire in California deadly twister Warning from National Weather ServiceThe National Weather Service has issued aâ€¦ https://t.co/6JeEXcJFRt
28,"@ToddTimm @GroovyHistory Center Court, Wimbledon for sure. Currently watching Federer vs Murray, 2012."
29,VegNews Exclusive: The Story Behind No Evil Foods and Its Major Labor Controversyhttps://t.co/u2YesafzCp#veganâ€¦
30,"@ConorMcGrace Case in point, Federer always missing a few tournaments or a few weeks play before Wimbledon ğŸ§ğŸ§ğŸ§"
31,"My story on former #Habs centre Nate Thompson, who could play key role for â¦@NHLFlyersâ© in playoff series against hâ€¦"
32,"Oh and let's go Flyers (weird, I know) especially Carter Hart but also Carey Price. @orbtrip (he's Gritty)â€¦"
33,"If #Flyers Laughton put that on net, he may have killed that Canadien in net. #FlyersTalk #AnytimeAnywhere"
34,You can become a really good investor by consuming Buffett-Munger quotes / books just as easily as you can win Wimbâ€¦ 
35,@mridujain01 Federer could be done within the next year as well. I want him to bow out with one more Wimbledon though.
36,Tornados in Australia are more common than you might think. We have our very own â€˜Tornado Alleyâ€™ in Victoria calledâ€¦
37,"Seitan slab, BBQed with veg, best attempt  to make a fake rib. Obv boneless. 10/10.#vegandinner #vegetarianâ€¦"
38,"FLYERS CANADIEN,,,,,,,GO FLYERS GOOOOO!!"
39,"@sqiouyilu I mean... sometimes they are! But yeah, big ones are basically just hurricanes but much faster(I actuaâ€¦"
40,Stanford University researchers used #AI to turn broadcast video of tennis matches into controllable players that lâ€¦ 
41,Today you can find us on Wynyard Farmers Market. #farmersmarkets #farmersmarket #stall #dipnpoursauces #dipinâ€¦
42,@teslacn @Teslarati @Tesla The only car your Elon Musk can sit in the driver seat and safely go faster and relax inâ€¦
43,"Elon Musk: SpaceX, Tesla and The Journey to The City of The Future. https://t.co/4mbGDyAXB0"
44,Impressive work: Controllable Video Sprites that Behave and Appear like Professional Tennis Playersâ€¦
45,@bbcsportsworld doing a recap of the Wimbledon final between Djokovic &amp  Federer. Djoker digging himself out of theâ€¦ https://t.co/WZXEbTwXTi
46,"and a tornado is not a twister. Dude, are you here? Have you been going without power for 160+ hours? â€œLand hurricaâ€¦"
47,Pumpkin seed oil from our new range ğŸ˜ŠTo win 15% discount1- Like and Retweet2- Follow Me3- Visit my online storâ€¦
48,@RealJamesWoods A twister inside a tornado...yep 2020 alright
49,#summer #salad with #zucchini #sicilian #tomato #healthy #vegetarian #vegan  #veganfood #vegetarianrecipesâ€¦
50,@elonmusk Elon Musk wearing cool shades and appearing on the cover of a cool video game way before he started Teslaâ€¦
51,"@alistaircoleman The name twister refers to a colloquialism for a tornado, and not the game by Milton Bradley."
52,How a Canceled Government Project Inspired Elon Musk to Become an Entrepreneur | #business #digitalmarketingâ€¦
53,We absolutely love curry dishes of all kinds. Panang curry is on top of our list!â Check out the recipe!â  â¡ï¸â€¦
54,This deserves a repost (h/t @valleyhack ) ....watch how Federer wins @Wimbledon in 2019
55,Do - nut forget to place your orders for the donuts. These here are gluten free just as our clients wanted them.â€¦
56,@Racquettechie @TimMayotte Since Tony Trabert won Wimbledon in 1955 without dropping a set only three men have doneâ€¦
57,My story on former #Habs centre Nate Thompson and why he could play a key role for Flyers in upcoming playoff serieâ€¦
58,"Good period by the Flyers, but they need to start out numbering the Canadiens in the corners on the power play andâ€¦"
59,@afneil Watching @afneil take on Twitter all-comers tonight is like watching Roger Federer taking on the Wimbledonâ€¦
60,Vegan Corned Beef to Launch at Veggie Grill Nationwidehttps://t.co/TnQ0G46cwo#vegan #plantbased #veganfoodâ€¦
61,"San Francisco Votes to Slash Meat, Dairy, and Eggs Served in Hospitals and JailsÂ https://t.co/0Phk05SDLQ#veganâ€¦"
62,"@FelixSchlang @RGVaerialphotos Would someone please ask (@elonmusk) Elon musk to make a SPACEX theme park, similarâ€¦"
63,How was that not a penalty on Carey Price for going after Grant? Grant was pushed from behind by a Canadien. Montreâ€¦
64,"I pray Roger Federer doesnâ€™t retire, and plays for 2 or 3 more years ğŸ˜­â¤ï¸. The greatest tennis player and greatestâ€¦ "
65,"@Kotkacutie27 Probably not, but for they can lill some time watching some playoff hockey.Canadien vs Flyers:Wed Aâ€¦"
66,"Weather on South GA is so confusing at this point. Itâ€™s HOT, but it doesnâ€™t know it it wants to storm, tornado, twister or be sunny. ğŸ¤¦ğŸ¾â€â™€ï¸"
67,"Excited to see #AI in the future of #sports, some incredible stuff @stanford #geek #almostgold  https://t.co/yzxYt8HdVH"
68,"Cold smoked salmon on a bed of kale, spinach, &amp; cilantro, with jalapeÃ±os, sweet peppers, &amp; onions.Topped with a dasâ€¦ https://t.co/n3FhUQaUkD"
69,Ex-Montreal Canadien Nate Thompson helps the Flyers prepare for their upcoming playoff series.@waynefish1
70,@marajctrl @nekorexic Thatâ€™s why we have apple and Microsoft and it was create by a male we had Elon musk that madeâ€¦
71,"""Roger Federer vs Alejandro Falla | Wimbledon 2010 first round | Full Match"" : https://t.co/zCIabWCZrx via @YouTube"
72,Terrifying Footage Shows a Tornado Ripping Through a Resort. Watch the Moment Here ğŸ‘‰https://t.co/WL4AVvsToAâ€¦
73,Researchers use AI simulation to recreate Federer's lost matchpoint at Wimbledon '19 https://t.co/2fgf427gtF
74,Proceeds to give the best sloppy toppy black hole spaghettificafion vacuum tornado twister hurricane gluck gluck suâ€¦
75,Futbol Live Streaming Blogspot | Apostas Deportivas : Wimbledon 2017 Final Roger Federer vs Marin Cilic Court 1 
76,This AI simulation of Roger Federer can help him overcome his Wimbledon SHAME (story by @thomas_macaulay) 
77,@MrTupperwar3 @tynk121 @elonmusk @BernieSanders But you just said you hate capitalism and think elon musk shouldn'tâ€¦
78,@JenMcDaniel @DevonESawa I didn't either. I haven't seen it since I saw it on TV when I was 15. lol I have never beâ€¦
79,thinking about riding this fire tornado out Twister style. who wants to be my bill paxton?
80,A rare and unpredictable fiery twister has sent residents running in California. The 'Fire Tornado' as it's known iâ€¦
81,27. On Kohli's sporting idols - Admires Cristiano Ronaldo for his work ethics and hard work. Relates himself more tâ€¦
82,How to Make Simple Syruphttps://t.co/gM0r7JpBei#vegan #plantbased #veganfood #vegetarian #crueltyfree #goveganâ€¦
83,Our dear wishes to the Indian Community celebrating their 74th Independence Day!! #vegan #veganfood #food #foodieâ€¦
84,@2gay2lift Do people not realize that spacex/Tesla and Elon musk are separate entities and you can like one without liking the other?
85,25mg of full spectrum oil is packed into our vegan tapioca-based gel capsules. Try them out with our 2-count to-goâ€¦
86,Compaq acquired Zip2 in 1999 and Musk walked away with $22 million. https://t.co/DMA33V4dWD via @inc
87,@MissAshes92 I think thatâ€™s the REAL reason why youâ€™ve never seen a tornado. Twister is magic.
88,"Ronnie chasing Stephen Hendrie's world championship record (one to equal if he wins this weekend), Lewis Hamilton câ€¦"
89,#DESPERATIONResearchers use AI simulation to recreate Federer's lost matchpoint at Wimbledon '19'The technology câ€¦
90,Former Canadien 'Uncle Nate' has a new family now with Flyers https://t.co/FqwkGqm7Sn https://t.co/hAMMpiX8cT
91,"Meet brain coach hired by Tesla, SpaceX CEO Elon Musk and his three tips to speed up memory#brainscienceâ€¦"
92,@NashPopovic @wrennjay @KristenClarkeJD @AOC To become a billionaire you donâ€™t just work harder you have to be revoâ€¦
93,@janusbasnov @gcntweet @ianrobo1 @robhatchtv @EurosportCare No thankfully itâ€™s exclusively cycling so no missing stâ€¦
94,@JGemini @YouTube @rolandgarros You are making things up? Becker came on tour thin? So did Nadal? Becker won Wimbleâ€¦ https://t.co/r2ZaXN5p1y
95,Sunday Funday Breakfast Quinoa Porridge #quinoa #porridge #vegetables #spiced #upma #breakfast #vegan #veganfoodâ€¦
96,Hollywood actually created the first fire tornado in 2015 in a movie called Fire Twister.https://t.co/XGUC2M3Knq
97,"1. Eliminate (ANTs) â€˜automatic negative thoughtsâ€™  2. Eat â€˜brain foodsâ€™(Avocados, Blueberries, Broccoli, Eggs etc.â€¦"
98,"Vegan Curry! Eat up. #Happiness and #Love from @elitevegn follow us, studio almost complete! Subscribe onâ€¦"
99,"I am going to basics! Joined a session from @notesforgrowth on how to take notes, ordered supposedly classic book oâ€¦"
100,"@HCDaDa.  One, of course this happened in your state; Two, Firenado or flame twister would be a great B movie titleâ€¦"
101,Donâ€™t forget Midwest twister / tornado szn. Itâ€™s in full swing ğŸ™ƒğŸŒª https://t.co/ySfyCRimVM
102,"It took Federer five long years of hard work to win another Wimbledon. In order to achieve your dreams, you have toâ€¦"
103,"@elonmusk As you wish Papa Musk.CEO and Founder of @Tesla, @SpaceX, The Multiplanetary Church of Elon Musk and Maâ€¦"
104,Dadduâ€™s special Pulao &amp  Rassa*https://t.co/6R3V1eok6T*https://t.co/5goZk0P8UH*#vegan #veganfood #HealthyFoodâ€¦
105,"""The @NWS issued its first-ever tornado warning for a twister spawned by fire early Saturday afternoon after a wildâ€¦"
106,What will Artificial foresight mean for sport?Roger Federer is crowned Wimbledon champion after two serves over 1â€¦
107,Mango Black Bean Salad Recipe + How to Cut a Mangohttps://t.co/srHcoMXLLF#vegan #plantbased #veganfoodâ€¦
108,My story on former #Habs centre Nate Thompson and the impact he could have on his former teammates as he suits up fâ€¦
109,"Canadien ou Flyers, @OliParle ? ğŸ˜œ https://t.co/CdsFO9IxMT"
110,"100% PROOF TESLA $TSLA, ELON MUSK AND SPACEX ARE HOAXES PART 5 https://t.co/GrH40Rd1M8"
111,"@GrittyNHL @Canada Hey @grittynhl that's not even real maple syrup, that's what we call ""du sirop de poteaux"". Areâ€¦"
112,We Don't need to go out of our way to Help Animals... We just need to be committed for not Harming Them.#veganâ€¦
113,@elonmusk I just invested my entire life savings in @Tesla because I have faith in Elon Musk. ğŸ˜ƒ I wouldâ€™ve investâ€¦
114,Chicken Wings and Shrimp Exported to China Test Positive for COVID-19Â https://t.co/r6ZuqQFUy6#vegan #plantbasedâ€¦
115,@RileyFinucane the tornado from twister
116,Had Federer won Wimbledon 2019 for me it would be a tougher win than AO 2017.
117,"I always feel like I gotta justify my love for this movie, but it is based on ACTUAL STORM CHASING SCIENCE!! Dorothâ€¦"
118,Tom Collins Cocktailhttps://t.co/cMgd1yNOPL#vegan #plantbased #veganfood #vegetarian #crueltyfree #goveganâ€¦
119,Apparently a tornado touched down near me today. It was insanely windy. A recently framed home around the corner frâ€¦
120,Very good Vegan Sandwich on the Haight can you believe it.#aundrethewonderwoman #vegan #veganrecipes #vegetarianâ€¦
121,@BurnsieOriginal Best of luck my Canadien friends  but Burnsie from South Jersey calls it Flyers in 6 !
122,A rare and unpredictable fiery twister has sent residents running in California. The 'fire tornado' is the latest câ€¦
123,This #AI simulation of Roger Federer can help him overcome his Wimbledon SHAME
124,Rare 'fire tornado' springs from blazes spreading rapidly across NorthernÂ California https://t.co/EDnrYLQOYk
125,@archillect tesla + spaceX + neuralink = real life weyland yutani and elon musk is the irl peter weyland
126,"What a final this should be. Ive seen Ronnie in a major final and its something special like Federer at Wimbledon,â€¦"
127,@ethanazouri @Vincent___Blain @MikeT10684891 @bobbymelo1978 @NHLFlyers @GMC Flyers got dominated game 2. Thatâ€™s theâ€¦
128,"and a tornado is not a twister. Dude, are you here? Have you been going without power for 160+ hours? â€œLand hurricaâ€¦"
129,Try this if you're thinking of going Vegan  : 1 MONTH #Vegan CHALLENGE #Program https://t.co/8hgRIKzbFP Thin ...â€¦
130,"Thereâ€™s no topping Twister, but Iâ€™d love to see another hardcore tornado-centric film or one that understands hurriâ€¦"
131,#WeatherJoke Whatâ€™s a tornadoâ€™s favorite game? Twister. @weatherchannel
132,"@PaulKorney @LCS_Big_Mike @darylcorbin @ryanwilson747 @arstechnica @SciGuySpace Hey, I fully acknowledge that Elonâ€¦"
133,@jposhaughnessy @InvestBooks Its a ritual for me to read this Gem every year. Another gem that I read every year isâ€¦ 
134,@catboymithra ELON MUSK EPIC REDDITOR MOMENTğŸ˜±ğŸ˜±ğŸ˜±ğŸ˜±ğŸ˜±ğŸ˜±ğŸ˜±ELON ğŸ‘‰ğŸ“¨ MUSK ğŸ˜ NEEDS ğŸ˜™ YOUR ğŸ‘‰ HELP ğŸ†˜!Attention ğŸš¨ all ğŸ˜³ epicâ€¦
135,Whatâ€™s your favourite vegan documentary? ğŸŒ±ğŸ¥ Click below to see some of my favourites!: https://t.co/IoTZ02Q1zGâ€¦
136,Grilled Cinnamon Pineapples with Vegan Salted Caramel Saucehttps://t.co/8EqX6CHKpV#vegan #plantbased #veganfoodâ€¦
137,@eddygeeeeeee Nope but he won series for flyers over halak when he was Canadien
138,"Just watched Inside SpaceX on Disney with Jacky. He has rattled off lots of stuff about Tesla, SpaceX, Elon Musk etâ€¦"
139,@Bolay long time favorite of mine for your vegan and vegetarian options but why are you charging more for tofu??! #legitquestion #veganfood
140,"@MikeMiss975 speaking Fr/Canadien, did you see the on air playoff interview years ago with Eric Desjardins where Iâ€¦"
141,Easy Vegan Grilled Naanhttps://t.co/PCcZaZTKkl#vegan #plantbased #veganfood #vegetarian #crueltyfree #goveganâ€¦
142,"Creamy mushroom &amp;  oomph, with garlic, sugar snap peas, peppers, baby sweet corn, onions, broccoli served with buckâ€¦"
143,Matcha Limette soft drink from Seicha ğŸ™‚â¤ï¸âŒšÂ #matcha #ä¸€è‡´Â  #tea #te #seicha #ãŠèŒ¶ #foodÂ #matÂ #é£Ÿå“Â #veganÂ #vegetarianÂ â€¦
144,@elonmusk Now you like Wikipedia?! Please ğŸ™„You were actually very upset how insanely inaccurate Wiki is... Hmm ğŸ¤”â€¦
145,"Jim Kwik, the coach hired by Elon Musk and his 3 tips to speed up memory:1. Eliminate â€˜automatic negative thoughtâ€¦"
146,1. Flyers vs 8. Canadien2. Lightning vs 7. Leafs/Jackets3. Capitals vs 6. Islanders4. Bruins vs 5. Hurricanes1â€¦
147,Me: Apparently fire tornados are now a thing. Another feature of the nightmarish hellscape that is 2020... Also mâ€¦
148,Vegan Artist Billie Eilish to Perform at 2020 Democratic National Conventionhttps://t.co/NRu0C1Anb7#veganâ€¦
149,@Geekworld007 @nagori_shreyans Federer didnâ€™t win Wimbledon 2019
150,"I don't know what was more impressive, TK leveling that Canadien or that Flyer leveling that other Flyer.â€¦"
151,"@elonmusk #Elon What Wikipedia for Elon musk should say. Made SpaceX so he can travel to Mars, Neuralink so he canâ€¦"
152,@marchofthenorth Musk is the lead engineer of SpaceX just like Franz is the lead designer of Tesla. But you creditâ€¦
153,Did you know these are the top #'s for vegan.  #vegan #plantbased #veganfood #vegetarian #crueltyfree #healthyfoodâ€¦
154,"I swear on Grittyâ€™s corpse, if I see the Flyers attempt another cross ice pass when thereâ€™s a Canadien directly in the way..."
155,"'My dream is to go to Wimbledon and get a pair signed by Federer', says huge fan"
156,@Gonzalla88 Twister isnâ€™t a tornado documentary. You know that right?
157,Normal people: *stays away from fire tornado*Me and everyone else who has watched the movie Twister 100 times
158,"Online Elon Musk: Tesla, SpaceX, and the Quest for a Fantastic Future  For Kindle"
159,What you Gain is far better than What you Give up#vegan #plantbased #veganfood #vegetarian #crueltyfreeâ€¦
160,@ImortalArmarr The warrior's bike vanished into pink hearts. She'd then flies into the air with her angel wings.Sâ€¦
161,Nate Thompson. Hockey player of the Philadelphia Flyers. But his heart is probably still in Montreal. True a Canadiâ€¦
162,Making two variants of spaghetti bolognese for dinner tonight - one with Quorn mince (vegetarian) and one with mixeâ€¦
163,"@_MythicalWolf Nah, next will be complete irony as someplace will actually get a Sharknado ğŸ˜† that seems to be the wâ€¦"
164,God dammnit
165,REPOST #Repost iow_commercialphotography #hotsauce #habanero #chipotle #mango #spicy #peppers #chilli #hotâ€¦
166,@PPathole @elonmusk @flcnhvy @ICannot_Enough @Tesla Sorry to ask but Why are you commenting on every post on Elon Mâ€¦
167,Elon Musk @elonmusk became Elon Musk because of his decision not to continue Ph.D. otherwise he could deviate fromâ€¦
168,"Canadien 5, Flyers 0: Bloodbath in Toronto #PhiladelphiaFlyers"
169,Chef Boy An making for you Homemade Soup Seasoning ğŸ‘¨â€ğŸ³ğŸ¥£ğŸ§‚#Seasoning #herbs #spice #spices #homemade #soup #vegetaâ€¦
170,"Amazing tornado ğŸŒªï¸ picture, I love tornadoes, always wanted to be a storm chaser since watching movie Twister as aâ€¦"
171,Do you know types of #vegetarians?#ovolacto #lacto #ovo and #vegan #vegetarian #vegan #food #healthyfoodâ€¦
172,Unprecedented fire tornado warning issued in California after a fiery twister forms in a record-setting heat wave.â€¦
173,AI simulation shows how Roger Federer could have won Wimbledon 2019 final against Novak Djokovic
174,@paola_rojas Elon Musk (Tesla &amp  SpaceX) because Iâ€™m sure heâ€™s on the autism spectrum &amp  I love the way he dreams bigâ€¦
175,So the Flyers now need 5 goals within about one period against #Habs Carey Price. Not going to happen
176,"@stevenmarkryan @neuralink @elonmusk What Wikipedia for Elon musk should say. Made SpaceX so he can travel to Mars,â€¦"
177,New Vegan Cheese Shop Opens in San Francisco Bay Areahttps://t.co/RfraEY9OUv#vegan #plantbased #veganfoodâ€¦
178,Fresh vegan croissants and cappuccino is SELF LOVE ğŸ’•...#food #veganfoodshare #plantbased #veganbreakfastâ€¦
179,@Fraudzz Ur gonna give me that gawk gawk doble hand tornado splash twister turkey gurgle  suplex city throat goat 3700
180,Researchers use AI simulation to recreate Federer's lost matchpoint at WimbledonÂ '19 https://t.co/8G5VPbFvx5
181,29 Vegan Ice Cream Recipes + Tipshttps://t.co/6Kj1QKwV0p#vegan #plantbased #veganfood #vegetarian #crueltyfreeâ€¦
182,You don't have to consume all your daily protein at once. It all adds up! #keto #veganketo #plantbasedâ€¦
183,@BadAstronomer Did you see this #firenado video a few days ago? It's hard to see because smoke is obscuring it likeâ€¦
184,Le Canadien s'incline 2-1
185,I thought I was the only delusional guy for believing that Neuralink is more important than Tesla and SpaceX. At leâ€¦
